seed,p0,p1,p2,p3,avg
0,74,60,112,109,88.75
1,62,80,90,58,72.50
2,76,65,54,83,69.50
3,91,66,59,94,77.50
4,76,88,100,84,87.00
5,92,121,45,77,83.75
6,76,119,76,83,88.50
7,76,69,45,72,65.50
8,82,71,69,61,70.75
9,86,79,112,92,92.25
10,50,58,70,57,58.75
11,85,89,53,117,86.00
12,79,68,2,54,50.75
13,66,59,58,102,71.25
14,69,95,78,94,84.00
15,43,67,56,53,54.75
16,84,67,75,71,74.25
17,108,94,78,80,90.00
18,54,32,89,65,60.00
19,124,105,77,58,91.00
20,50,76,48,79,63.25
21,90,33,64,69,64.00
22,78,98,84,97,89.25
23,108,65,77,109,89.75
24,77,96,84,69,81.50
25,88,109,94,49,85.00
26,47,3,77,63,47.50
27,65,107,83,81,84.00
28,76,78,71,63,72.00
29,96,86,106,91,94.75
30,112,89,60,53,78.50
31,67,82,74,75,74.50
32,104,84,80,72,85.00
33,76,103,65,77,80.25
34,83,39,71,108,75.25
35,72,62,70,98,75.50
36,59,76,88,92,78.75
37,72,65,101,106,86.00
38,77,73,77,43,67.50
39,87,87,71,42,71.75
40,74,61,71,106,78.00
41,83,67,111,64,81.25
42,97,91,82,93,90.75
43,70,104,72,87,83.25
44,60,53,63,99,68.75
45,62,87,81,81,77.75
46,84,87,58,108,84.25
47,70,95,70,70,76.25
48,71,40,80,54,61.25
49,59,64,69,70,65.50
50,80,122,70,88,90.00
51,48,92,117,59,79.00
52,48,114,51,1,53.50
53,2,83,50,50,46.25
54,61,64,68,78,67.75
55,73,44,75,56,62.00
56,43,68,79,10,50.00
57,109,79,86,100,93.50
58,89,68,101,62,80.00
59,72,68,72,94,76.50
60,75,82,118,61,84.00
61,101,70,79,86,84.00
62,76,89,79,88,83.00
63,40,61,74,47,55.50
64,31,93,46,63,58.25
65,84,62,93,83,80.50
66,26,91,71,62,62.50
67,82,74,121,78,88.75
68,51,95,111,100,89.25
69,112,61,72,48,73.25
70,75,88,47,57,66.75
71,107,77,81,68,83.25
72,83,56,68,89,74.00
73,98,48,65,56,66.75
74,85,65,80,48,69.50
75,74,78,93,55,75.00
76,53,68,61,89,67.75
77,59,70,73,119,80.25
78,93,57,80,56,71.50
79,46,72,52,91,65.25
80,79,84,53,74,72.50
81,89,55,68,66,69.50
82,89,77,109,77,88.00
83,120,90,117,102,107.25
84,64,59,67,61,62.75
85,77,91,82,62,78.00
86,73,107,96,72,87.00
87,80,64,95,6,61.25
88,39,64,46,62,52.75
89,83,110,67,69,82.25
90,54,57,60,45,54.00
91,91,54,78,84,76.75
92,51,25,68,50,48.50
93,77,0,57,44,44.50
94,74,73,109,80,84.00
95,90,98,72,78,84.50
96,60,66,84,76,71.50
97,70,66,91,50,69.25
98,88,66,81,76,77.75
99,83,61,68,69,70.25
100,91,79,65,74,77.25
101,33,94,74,60,65.25
102,65,54,80,49,62.00
103,85,94,76,63,79.50
104,89,76,64,76,76.25
105,49,83,59,54,61.25
106,71,69,91,76,76.75
107,75,80,68,56,69.75
108,72,74,43,70,64.75
109,59,45,54,43,50.25
110,36,92,21,3,38.00
111,0,51,48,4,25.75
112,67,69,6,66,52.00
113,93,106,86,110,98.75
114,54,63,97,85,74.75
115,66,88,54,78,71.50
116,42,31,76,43,48.00
117,90,77,88,89,86.00
118,62,104,66,102,83.50
119,101,112,65,73,87.75
120,54,53,27,14,37.00
121,61,54,86,83,71.00
122,67,50,64,38,54.75
123,52,32,86,23,48.25
124,73,62,40,5,45.00
125,68,67,69,76,70.00
126,65,101,62,69,74.25
127,60,83,61,98,75.50
128,106,87,71,52,79.00
129,80,71,83,71,76.25
130,44,57,58,89,62.00
131,65,13,75,64,54.25
132,60,100,94,68,80.50
133,48,93,61,75,69.25
134,59,67,93,69,72.00
135,59,85,73,103,80.00
136,62,38,36,66,50.50
137,104,84,102,110,100.00
138,61,89,66,64,70.00
139,61,57,59,94,67.75
140,85,102,91,70,87.00
141,62,110,65,77,78.50
142,76,100,84,111,92.75
143,125,110,77,105,104.25
144,102,81,62,77,80.50
145,50,65,81,73,67.25
146,100,86,95,79,90.00
147,95,70,82,58,76.25
148,32,80,60,68,60.00
149,77,55,66,70,67.00
150,72,73,105,80,82.50
151,83,2,58,77,55.00
152,73,75,57,81,71.50
153,89,115,95,90,97.25
154,60,6,36,72,43.50
155,50,66,35,76,56.75
156,54,91,81,90,79.00
157,45,42,72,78,59.25
158,6,47,74,19,36.50
159,73,72,66,89,75.00
160,75,70,92,66,75.75
161,98,64,80,56,74.50
162,98,85,122,53,89.50
163,61,76,11,87,58.75
164,98,50,91,77,79.00
165,93,49,86,53,70.25
166,73,58,57,81,67.25
167,78,41,79,76,68.50
168,118,72,55,69,78.50
169,62,76,88,96,80.50
170,5,49,65,45,41.00
171,106,72,38,101,79.25
172,100,101,107,87,98.75
173,61,76,78,67,70.50
174,75,82,82,3,60.50
175,43,89,72,105,77.25
176,83,94,99,69,86.25
177,83,97,85,83,87.00
178,101,91,80,64,84.00
179,93,72,63,152,95.00
180,62,71,68,78,69.75
181,99,79,91,59,82.00
182,77,31,46,35,47.25
183,73,31,78,0,45.50
184,68,103,56,54,70.25
185,54,59,48,75,59.00
186,75,65,88,110,84.50
187,85,78,111,96,92.50
188,104,65,57,71,74.25
189,104,98,72,100,93.50
190,87,45,58,21,52.75
191,98,71,72,73,78.50
192,84,99,111,90,96.00
193,48,41,66,70,56.25
194,34,63,76,57,57.50
195,88,67,66,84,76.25
196,56,84,83,67,72.50
197,5,76,40,33,38.50
198,98,91,110,77,94.00
199,75,69,95,51,72.50
200,101,79,75,66,80.25
201,17,94,64,49,56.00
202,114,70,81,21,71.50
203,74,78,86,73,77.75
204,53,63,62,48,56.50
205,74,101,91,68,83.50
206,85,90,89,79,85.75
207,64,95,56,39,63.50
208,118,50,52,53,68.25
209,99,63,96,56,78.50
210,75,98,83,96,88.00
211,45,52,53,45,48.75
212,54,65,60,87,66.50
213,92,66,50,69,69.25
214,114,89,83,73,89.75
215,68,62,71,100,75.25
216,69,59,6,70,51.00
217,64,80,105,105,88.50
218,77,108,81,84,87.50
219,64,78,80,88,77.50
220,62,73,69,74,69.50
221,72,78,53,85,72.00
222,96,67,74,78,78.75
223,69,9,2,66,36.50
224,72,74,58,27,57.75
225,76,65,74,52,66.75
226,66,86,46,82,70.00
227,92,75,89,81,84.25
228,64,110,60,75,77.25
229,87,99,67,83,84.00
230,75,100,70,84,82.25
231,70,111,84,17,70.50
232,90,65,65,64,71.00
233,94,80,81,70,81.25
234,42,65,32,44,45.75
235,108,92,97,107,101.00
236,65,86,114,111,94.00
237,100,98,66,74,84.50
238,96,85,112,52,86.25
239,83,83,92,53,77.75
240,83,75,88,83,82.25
241,106,83,77,105,92.75
242,61,92,0,51,51.00
243,43,120,88,67,79.50
244,75,73,79,70,74.25
245,90,52,52,79,68.25
246,96,104,77,72,87.25
247,90,44,39,118,72.75
248,97,71,84,103,88.75
249,55,52,96,64,66.75
250,25,47,44,64,45.00
251,75,48,61,93,69.25
252,85,67,66,97,78.75
253,61,71,85,77,73.50
254,71,97,87,60,78.75
255,77,83,52,68,70.00
256,46,87,97,85,78.75
257,107,89,42,53,72.75
258,70,94,77,60,75.25
259,84,106,65,99,88.50
260,70,86,25,63,61.00
261,72,67,85,64,72.00
262,12,92,97,101,75.50
263,56,66,41,95,64.50
264,52,76,93,74,73.75
265,34,33,37,0,26.00
266,58,111,44,85,74.50
267,49,115,63,85,78.00
268,80,84,86,64,78.50
269,18,50,53,84,51.25
270,40,41,53,52,46.50
271,73,76,81,39,67.25
272,67,75,94,113,87.25
273,36,81,70,54,60.25
274,96,74,67,114,87.75
275,64,78,81,81,76.00
276,61,53,35,60,52.25
277,77,82,17,116,73.00
278,61,72,113,108,88.50
279,100,69,80,81,82.50
280,118,94,95,110,104.25
281,87,96,108,99,97.50
282,91,66,96,44,74.25
283,94,74,57,90,78.75
284,67,74,97,68,76.50
285,62,12,65,85,56.00
286,50,62,55,56,55.75
287,90,64,48,97,74.75
288,88,82,75,61,76.50
289,65,44,45,48,50.50
290,91,95,92,67,86.25
291,79,62,69,33,60.75
292,93,74,66,63,74.00
293,102,78,73,95,87.00
294,119,73,73,56,80.25
295,55,84,82,75,74.00
296,97,67,81,88,83.25
297,87,100,81,114,95.50
298,75,59,87,83,76.00
299,109,93,106,68,94.00
300,50,7,72,89,54.50
301,53,47,70,64,58.50
302,45,49,71,102,66.75
303,67,72,83,55,69.25
304,68,52,73,64,64.25
305,69,81,74,85,77.25
306,115,64,94,74,86.75
307,9,91,39,95,58.50
308,89,80,70,92,82.75
309,76,75,48,89,72.00
310,69,62,92,9,58.00
311,60,57,48,55,55.00
312,83,57,115,99,88.50
313,59,85,66,72,70.50
314,99,117,83,100,99.75
315,50,88,102,73,78.25
316,46,34,62,74,54.00
317,63,68,71,81,70.75
318,49,43,70,54,54.00
319,80,48,54,54,59.00
320,91,76,76,60,75.75
321,125,94,98,47,91.00
322,68,106,39,88,75.25
323,84,115,73,54,81.50
324,44,101,76,37,64.50
325,12,93,71,94,67.50
326,67,75,97,64,75.75
327,92,98,90,98,94.50
328,44,70,122,86,80.50
329,121,71,79,49,80.00
330,72,50,73,82,69.25
331,58,57,78,51,61.00
332,56,63,47,78,61.00
333,13,73,132,62,70.00
334,124,96,93,69,95.50
335,71,119,92,89,92.75
336,80,95,77,75,81.75
337,87,58,63,85,73.25
338,65,65,56,49,58.75
339,97,78,82,61,79.50
340,106,50,73,53,70.50
341,6,36,28,77,36.75
342,75,79,55,56,66.25
343,95,58,114,83,87.50
344,42,83,70,47,60.50
345,65,93,75,84,79.25
346,90,70,64,82,76.50
347,80,50,106,64,75.00
348,75,94,70,60,74.75
349,60,81,48,81,67.50
350,49,80,54,57,60.00
351,63,83,52,62,65.00
352,50,71,76,85,70.50
353,81,82,90,62,78.75
354,59,64,87,67,69.25
355,69,87,90,82,82.00
356,48,78,81,69,69.00
357,81,86,46,81,73.50
358,34,54,21,88,49.25
359,85,92,51,71,74.75
360,72,95,69,75,77.75
361,79,69,61,63,68.00
362,76,80,53,58,66.75
363,64,72,104,56,74.00
364,75,81,104,84,86.00
365,85,78,41,44,62.00
366,98,67,127,85,94.25
367,29,16,68,49,40.50
368,69,95,75,63,75.50
369,35,32,114,53,58.50
370,117,104,0,73,73.50
371,69,112,71,83,83.75
372,98,60,98,94,87.50
373,67,71,63,83,71.00
374,91,62,87,66,76.50
375,69,89,81,50,72.25
376,120,68,66,53,76.75
377,66,93,75,92,81.50
378,71,65,57,3,49.00
379,66,78,107,70,80.25
380,90,61,67,79,74.25
381,110,104,103,91,102.00
382,105,60,60,87,78.00
383,84,58,3,90,58.75
384,30,76,82,36,56.00
385,67,69,96,73,76.25
386,77,68,96,113,88.50
387,57,59,77,63,64.00
388,71,55,78,79,70.75
389,73,43,67,60,60.75
390,97,73,72,110,88.00
391,86,62,136,104,97.00
392,56,90,98,101,86.25
393,78,77,70,75,75.00
394,94,105,75,89,90.75
395,56,94,76,76,75.50
396,56,60,23,48,46.75
397,95,112,80,46,83.25
398,46,95,56,96,73.25
399,109,96,83,65,88.25
400,79,50,78,75,70.50
401,63,50,82,89,71.00
402,52,71,49,70,60.50
403,3,65,61,101,57.50
404,69,55,77,122,80.75
405,65,99,64,67,73.75
406,93,98,77,88,89.00
407,86,58,81,63,72.00
408,78,47,37,67,57.25
409,77,80,62,86,76.25
410,97,84,119,87,96.75
411,82,64,66,75,71.75
412,101,67,83,54,76.25
413,79,95,61,68,75.75
414,49,86,74,103,78.00
415,53,103,102,60,79.50
416,76,69,57,96,74.50
417,105,62,67,51,71.25
418,64,80,66,3,53.25
419,45,76,85,61,66.75
420,78,124,73,114,97.25
421,126,89,67,86,92.00
422,99,71,143,58,92.75
423,42,112,103,81,84.50
424,56,40,95,60,62.75
425,82,92,79,86,84.75
426,89,33,53,45,55.00
427,87,78,64,89,79.50
428,67,62,75,66,67.50
429,43,44,68,58,53.25
430,13,57,50,99,54.75
431,29,77,0,74,45.00
432,74,123,96,58,87.75
433,86,84,100,89,89.75
434,63,74,72,92,75.25
435,111,93,73,55,83.00
436,99,2,54,61,54.00
437,74,112,63,80,82.25
438,94,72,78,92,84.00
439,101,89,90,121,100.25
440,62,74,54,99,72.25
441,95,52,67,82,74.00
442,84,77,65,81,76.75
443,77,95,96,109,94.25
444,58,108,84,7,64.25
445,81,88,73,105,86.75
446,93,75,84,111,90.75
447,71,82,83,105,85.25
448,81,72,75,79,76.75
449,81,41,71,64,64.25
450,94,79,78,86,84.25
451,71,102,92,69,83.50
452,92,69,70,71,75.50
453,79,66,75,85,76.25
454,104,73,49,81,76.75
455,56,64,70,68,64.50
456,87,77,79,79,80.50
457,63,63,77,60,65.75
458,80,69,63,96,77.00
459,63,76,114,85,84.50
460,45,66,63,57,57.75
461,99,78,96,77,87.50
462,35,54,94,105,72.00
463,76,66,52,64,64.50
464,105,41,109,71,81.50
465,34,92,60,99,71.25
466,88,60,91,66,76.25
467,30,93,64,91,69.50
468,100,107,81,79,91.75
469,57,96,122,79,88.50
470,63,55,72,77,66.75
471,73,69,61,101,76.00
472,83,6,71,65,56.25
473,53,41,71,94,64.75
474,92,76,89,94,87.75
475,83,73,67,49,68.00
476,68,64,86,60,69.50
477,78,54,58,89,69.75
478,88,67,93,92,85.00
479,46,64,84,54,62.00
480,61,64,92,74,72.75
481,73,79,75,82,77.25
482,93,46,57,56,63.00
483,73,91,99,120,95.75
484,73,87,77,118,88.75
485,98,62,90,91,85.25
486,89,50,66,73,69.50
487,77,50,53,48,57.00
488,78,95,87,97,89.25
489,70,84,100,108,90.50
490,69,71,72,84,74.00
491,90,73,88,97,87.00
492,82,91,61,81,78.75
493,49,6,70,116,60.25
494,64,46,56,39,51.25
495,81,108,80,90,89.75
496,73,52,73,25,55.75
497,79,51,99,119,87.00
498,72,91,80,85,82.00
499,86,93,50,62,72.75
