seed,p0,p1,p2,p3,avg,income0,income1,income2,income3,money0,money1,money2,money3,canal_income0,canal_income1,canal_income2,canal_income3,elapsed_us
0,126,110,124,118,119.50,25,11,11,22,49,29,15,45,6,5,5,11,470715
1,85,128,140,130,120.75,18,18,14,3,33,16,23,13,5,11,3,3,611105
2,114,117,115,125,117.75,20,22,17,17,42,15,18,29,5,10,7,5,484841
3,117,56,100,113,96.50,4,-9,20,22,36,0,64,21,5,0,14,5,531318
4,82,101,114,120,104.25,20,8,19,13,55,44,27,21,11,4,7,6,455923
5,124,95,115,94,107.00,8,17,25,9,42,38,65,12,5,2,12,9,527472
6,112,97,117,96,105.50,19,11,9,0,38,34,12,32,9,7,6,8,460593
7,98,98,123,92,102.75,-1,12,21,21,22,14,14,19,4,2,9,4,437671
8,153,117,124,105,124.75,23,4,23,4,45,22,18,40,12,0,8,4,529527
9,112,114,114,96,109.00,12,22,23,5,21,44,79,42,5,13,6,11,408241
10,115,127,106,115,115.75,24,9,22,1,21,15,29,42,7,8,6,8,518182
11,117,123,118,125,120.75,24,6,8,26,31,31,24,48,9,8,4,14,537535
12,110,111,153,115,122.25,23,18,23,8,52,12,34,37,10,11,11,5,520515
13,122,138,103,106,117.25,17,10,5,14,58,45,18,36,13,8,11,2,460476
14,154,91,96,111,113.00,11,21,16,21,31,14,31,23,10,4,4,8,465610
15,109,103,133,109,113.50,10,8,12,17,42,21,39,20,6,7,9,6,441557
16,108,113,113,124,114.50,25,21,9,15,36,68,30,35,9,8,2,6,592637
17,112,98,136,115,115.25,4,9,13,25,24,14,10,35,6,6,7,9,434328
18,111,86,138,139,118.50,16,12,17,23,56,26,23,28,8,4,6,10,460639
19,88,127,90,134,109.75,0,17,14,14,19,20,47,31,-1,4,5,10,519968
20,139,99,108,116,115.50,15,18,13,8,9,21,11,12,9,3,6,4,470223
21,123,89,108,106,106.50,15,6,19,21,22,23,31,31,4,4,7,8,536374
22,105,132,98,139,118.50,12,22,18,13,18,39,51,38,3,7,7,7,468340
23,110,93,120,121,111.00,23,18,20,12,73,33,30,16,7,5,11,7,470149
24,115,118,117,105,113.75,20,8,22,18,52,39,31,30,10,8,7,5,515360
25,104,82,118,134,109.50,21,8,14,24,30,36,47,48,10,6,10,12,483005
26,127,144,117,114,125.50,19,6,23,17,43,65,7,33,8,1,8,6,583433
27,101,96,129,112,109.50,21,6,23,3,42,13,17,18,8,7,10,3,509003
28,119,112,111,111,113.25,6,18,16,22,13,42,10,16,3,5,12,6,670851
29,100,137,110,115,115.50,17,13,8,24,52,10,18,34,6,6,5,10,419515
30,105,99,83,138,106.25,5,10,4,16,47,52,22,43,12,10,0,10,322659
31,139,118,115,106,119.50,23,23,3,23,17,72,22,33,10,13,7,5,389784
32,103,98,114,91,101.50,13,22,6,0,65,56,36,53,2,7,2,6,343480
33,105,104,107,88,101.00,14,5,9,19,38,36,44,48,5,3,8,7,419591
34,106,108,108,112,108.50,16,21,4,23,34,45,28,39,9,4,2,9,507059
35,145,96,121,132,123.50,18,1,27,23,34,43,42,65,14,3,13,9,407684
36,127,117,89,89,105.50,13,15,4,0,23,34,23,25,0,8,-2,2,367778
37,108,138,108,71,106.25,14,25,12,7,23,39,32,35,2,11,2,3,540129
38,88,102,117,77,96.00,2,17,20,11,46,19,22,38,4,7,12,-2,294540
39,96,133,126,117,118.00,14,15,15,18,28,19,40,24,3,12,4,9,465940
40,122,116,102,126,116.50,5,23,21,6,32,58,25,36,5,6,7,3,542343
41,127,102,108,89,106.50,21,21,2,17,13,37,44,47,8,8,5,7,488915
42,113,95,112,139,114.75,18,13,16,8,45,39,32,19,11,3,6,6,452879
43,91,105,95,98,97.25,-2,1,10,6,47,47,69,46,2,4,1,8,384726
44,116,122,111,115,116.00,2,4,18,20,30,45,49,42,3,2,7,10,561681
45,130,108,109,103,112.50,-3,25,16,8,43,62,53,27,5,14,6,7,331118
46,105,161,128,98,123.00,18,16,21,17,20,15,26,44,7,12,9,4,436779
47,79,120,103,103,101.25,-4,24,18,17,13,39,27,41,3,5,2,3,504791
48,117,125,105,111,114.50,20,3,18,16,32,30,69,17,2,4,5,5,352696
49,108,88,92,107,98.75,1,-5,3,22,21,25,27,70,5,-2,4,9,359792
50,133,121,96,122,118.00,25,23,-3,21,75,34,39,25,9,13,2,11,587008
51,99,115,102,100,104.00,2,23,22,0,41,24,77,10,5,7,9,1,387077
52,128,102,101,130,115.25,7,24,3,25,49,13,33,39,8,6,-1,5,429912
53,85,140,147,115,121.75,17,12,24,10,28,13,33,32,7,11,8,8,549861
54,122,126,106,106,115.00,18,21,19,14,47,20,19,26,6,5,10,11,642656
55,79,107,117,119,105.50,1,8,26,23,28,4,29,26,3,3,11,6,367477
56,114,131,111,126,120.50,18,23,12,9,43,23,15,43,2,13,6,7,630362
57,131,97,110,99,109.25,19,10,16,12,40,39,24,18,10,5,6,2,455293
58,98,95,128,106,106.75,-2,23,19,8,38,43,16,43,7,9,7,-2,385368
59,116,78,144,92,107.50,24,10,11,21,48,14,34,33,11,2,10,4,519463
60,133,121,113,110,119.25,24,11,5,15,29,26,33,42,8,9,3,2,554485
61,121,98,125,112,114.00,12,16,21,18,36,25,43,24,9,-2,9,6,518519
62,119,121,108,93,110.25,4,21,13,19,47,66,27,25,3,12,10,0,511642
63,107,103,93,109,103.00,23,7,-4,-2,29,22,49,13,12,8,3,4,218138
64,111,137,107,118,118.25,18,12,8,17,46,12,35,43,6,8,7,6,607901
65,108,110,109,109,109.00,-3,21,19,10,34,28,21,11,2,10,5,6,328309
66,118,116,128,94,114.00,20,18,22,4,33,18,29,25,9,10,6,4,535393
67,100,104,139,125,117.00,15,8,9,23,30,24,39,75,6,3,3,10,539966
68,85,96,97,103,95.25,6,20,19,19,16,33,16,22,2,8,4,10,602087
69,109,115,136,110,117.50,3,16,21,20,33,43,48,18,4,9,9,3,600703
70,134,143,112,141,132.50,18,18,20,23,30,21,29,65,10,11,5,7,717072
71,108,88,89,97,95.50,17,22,-5,-1,49,16,36,44,4,8,3,1,380603
72,120,98,145,141,126.00,16,25,13,14,19,60,27,13,5,13,10,10,464799
73,88,116,116,126,111.50,13,23,17,13,37,26,38,35,6,11,9,7,432937
74,94,122,138,97,112.75,25,3,8,20,49,24,14,13,2,1,8,1,467826
75,127,108,141,125,125.25,26,5,8,22,74,39,40,19,9,5,8,8,418144
76,102,107,104,90,100.75,20,4,24,13,45,32,19,22,0,7,5,7,422698
77,86,115,113,128,110.50,10,21,18,5,25,19,27,12,0,7,-5,2,447676
78,109,91,121,117,109.50,4,19,21,17,14,43,53,24,4,-2,8,6,474574
79,131,124,99,112,116.50,10,21,17,12,31,23,21,10,3,9,2,6,539628
80,127,121,109,95,113.00,21,13,17,9,27,37,29,40,3,2,4,6,699315
81,95,112,127,135,117.25,7,14,19,21,22,13,40,38,7,7,8,5,453685
82,123,138,140,126,131.75,23,17,14,9,55,32,38,28,7,5,11,11,631449
83,118,118,96,98,107.50,16,-2,4,14,44,14,41,69,3,-2,3,1,481370
84,88,132,89,98,101.75,5,17,18,19,30,21,58,31,10,2,3,6,538406
85,112,132,93,116,113.25,12,10,19,18,46,36,29,23,1,7,6,6,446804
86,98,126,125,119,117.00,9,21,25,14,12,39,11,46,6,7,6,8,438705
87,78,89,108,137,103.00,1,22,12,11,25,26,18,12,3,5,7,11,385638
88,108,117,125,104,113.50,12,22,17,19,45,36,31,15,8,5,4,6,626242
89,67,138,118,105,107.00,1,24,16,-1,25,43,18,16,3,13,9,3,363439
90,72,115,127,100,103.50,15,21,18,16,16,19,33,16,2,11,5,9,658407
91,105,118,125,154,125.50,20,21,14,4,35,40,23,26,7,10,8,5,332493
92,139,112,130,101,120.50,10,15,21,21,15,28,29,26,8,6,6,4,507199
93,127,94,106,128,113.75,3,21,1,24,35,43,51,18,6,4,2,10,393857
94,86,108,126,127,111.75,21,-6,8,25,21,3,17,74,1,5,5,12,416289
95,80,89,109,114,98.00,8,1,24,0,51,36,14,47,8,0,10,7,340897
96,102,125,108,120,113.75,12,8,22,15,50,11,62,15,0,0,11,4,495483
97,126,114,135,135,127.50,20,17,15,24,57,38,20,70,7,4,7,12,421657
98,104,125,88,118,108.75,15,25,22,13,19,45,15,24,2,10,10,7,501034
99,131,121,92,94,109.50,15,13,21,8,46,22,34,30,6,11,2,9,488019
100,98,93,114,99,101.00,20,-8,6,21,43,6,22,31,8,2,8,6,357678
101,110,139,121,103,118.25,20,17,21,16,18,23,25,52,6,7,7,3,543046
102,109,79,86,120,98.50,4,21,11,12,30,19,28,42,1,0,3,2,407397
103,114,106,127,141,122.00,16,17,20,9,42,17,22,23,9,5,6,4,457666
104,117,128,106,100,112.75,7,23,4,16,32,65,45,25,6,11,5,4,393358
105,120,105,128,117,117.50,16,15,17,9,32,12,36,13,3,5,7,1,419507
106,113,116,133,109,117.75,12,24,22,-1,14,45,35,24,7,12,9,3,296429
107,116,101,115,113,111.25,21,-1,19,23,34,17,12,32,12,2,3,7,513291
108,109,104,123,102,109.50,23,5,22,14,29,31,39,53,7,9,12,0,370594
109,118,131,98,113,115.00,16,22,2,20,33,26,16,17,7,10,5,4,589654
110,124,139,83,130,119.00,19,17,18,16,21,29,31,20,1,5,7,7,517959
111,108,128,104,98,109.50,14,18,21,18,10,23,28,49,-3,7,4,5,399253
112,147,97,97,118,114.75,13,17,22,14,42,34,29,14,5,7,5,5,439680
113,114,117,113,113,114.25,24,4,11,26,53,42,11,53,11,3,6,12,509010
114,110,109,141,131,122.75,15,24,24,4,43,33,28,19,3,8,11,7,432112
115,126,85,113,117,110.25,5,-4,21,21,41,10,11,37,4,6,10,6,355563
116,161,120,140,96,129.25,9,21,22,12,14,23,24,26,6,8,7,4,577691
117,112,121,65,128,106.50,11,24,-2,23,38,40,15,22,7,6,2,8,446753
118,128,119,109,127,120.75,24,8,13,19,34,34,49,43,2,5,6,11,575933
119,98,143,142,115,124.50,13,18,24,18,36,20,33,27,2,10,8,4,460849
120,106,122,106,112,111.50,19,23,19,7,25,40,33,16,6,8,1,9,601078
121,113,117,112,120,115.50,10,9,1,23,31,23,38,29,3,4,2,7,469572
122,73,142,94,91,100.00,14,0,16,6,60,24,66,44,6,3,4,8,402071
123,116,142,114,100,118.00,21,13,12,19,15,26,25,11,7,6,6,-2,504640
124,99,111,139,130,119.75,16,17,9,11,38,72,45,31,5,6,6,5,504612
125,122,127,87,142,119.50,16,14,4,26,46,33,48,38,11,5,4,11,596363
126,100,110,111,127,112.00,4,17,11,22,21,39,46,41,5,5,6,5,458024
127,124,118,109,117,117.00,13,26,15,2,15,48,28,25,10,8,0,4,374997
128,108,87,117,127,109.75,0,11,20,11,47,16,90,79,2,4,8,5,425880
129,110,108,127,122,116.75,14,17,11,14,38,38,17,46,8,7,5,6,413389
130,114,112,123,110,114.75,24,1,19,19,64,31,39,60,10,8,4,8,370867
131,125,110,89,137,115.25,25,14,12,12,53,41,29,47,7,8,-1,8,421102
132,109,142,93,123,116.75,18,18,19,13,38,15,31,27,-1,9,6,7,414482
133,96,128,112,105,110.25,19,9,14,23,66,48,14,33,2,3,6,8,513825
134,122,86,113,100,105.25,12,11,21,14,18,49,21,37,9,4,6,2,460526
135,93,104,114,124,108.75,-3,4,27,19,13,25,99,35,1,7,16,12,459018
136,104,142,125,69,110.00,6,12,24,12,7,31,31,45,2,8,12,3,404476
137,92,112,130,136,117.50,13,27,15,10,39,26,16,30,1,13,5,4,415452
138,102,117,78,132,107.25,12,22,-9,19,35,32,1,51,4,9,3,5,336721
139,113,108,110,106,109.25,21,5,12,14,30,41,19,21,6,5,3,-2,358267
140,88,120,121,121,112.50,17,15,9,22,26,15,25,12,-1,9,5,7,474870
141,104,104,85,105,99.50,17,6,21,19,21,38,50,44,5,6,8,10,324761
142,122,94,93,108,104.25,10,4,21,8,48,43,62,37,4,2,7,6,452709
143,110,121,140,126,124.25,18,24,13,9,18,21,23,45,12,4,10,12,498422
144,103,121,87,100,102.75,16,13,13,0,54,30,58,67,10,8,-5,-2,245455
145,112,140,103,120,118.75,14,15,15,13,17,13,45,46,12,4,5,9,599429
146,130,118,87,104,109.75,21,22,-1,21,45,27,28,45,11,6,4,8,499499
147,110,119,97,93,104.75,2,23,19,4,15,36,14,30,3,8,4,4,516639
148,102,101,117,131,112.75,1,24,22,3,17,58,38,25,0,12,11,6,522823
149,132,83,117,112,111.00,23,12,22,12,71,22,39,42,11,-2,10,4,404368
150,116,104,119,89,107.00,8,19,13,15,17,42,20,32,6,6,9,1,552716
151,134,90,112,98,108.50,22,2,7,21,53,32,21,29,12,4,0,6,499911
152,113,100,138,135,121.50,8,20,19,8,44,12,18,18,4,5,8,7,530264
153,101,110,114,114,109.75,15,22,13,21,26,30,34,36,8,11,1,6,517194
154,95,103,109,118,106.25,15,13,25,5,32,24,62,26,11,9,8,1,430943
155,108,131,118,131,122.00,-2,8,9,26,46,38,26,24,2,9,5,15,391390
156,131,116,121,136,126.00,14,26,19,13,16,32,23,33,5,11,10,7,538737
157,110,105,109,127,112.75,10,17,9,12,16,35,14,35,3,12,7,8,363187
158,114,115,112,92,108.25,13,20,2,20,14,56,37,37,13,6,-1,4,409972
159,109,119,109,107,111.00,18,1,22,15,43,29,20,39,4,1,9,6,585427
160,97,144,115,113,117.25,7,14,26,22,29,16,35,26,5,7,8,6,446292
161,112,136,95,130,118.25,4,14,17,24,36,23,31,42,4,4,3,7,498775
162,107,123,129,136,123.75,11,12,21,25,16,16,53,38,6,5,8,13,534478
163,136,89,129,121,118.75,9,8,23,22,45,42,74,57,9,9,14,11,344680
164,109,146,123,104,120.50,17,9,24,13,8,9,49,33,5,6,10,2,541543
165,139,119,85,117,115.00,17,6,21,9,47,36,50,30,8,7,2,-2,711755
166,110,130,95,129,116.00,4,26,7,26,16,26,31,35,7,11,8,8,425226
167,125,131,100,123,119.75,27,18,8,3,56,32,13,20,8,10,1,9,507485
168,110,109,101,122,110.50,7,19,21,19,45,44,20,26,5,3,7,8,625739
169,78,89,107,105,94.75,17,12,10,3,38,18,68,64,-5,-5,3,4,551298
170,104,63,113,99,94.75,8,4,4,23,40,37,31,58,6,4,5,9,338235
171,97,151,90,101,109.75,21,8,3,14,82,11,45,29,8,10,3,0,428155
172,122,112,113,112,114.75,16,8,13,12,16,25,19,54,3,4,4,4,435046
173,131,107,100,106,111.00,11,11,19,20,20,17,19,52,9,7,3,8,509990
174,135,125,98,107,116.25,20,21,13,5,49,22,16,42,10,9,-2,4,669199
175,102,120,121,123,116.50,13,15,7,12,44,15,25,42,7,7,5,10,333621
176,112,92,103,120,106.75,12,16,10,17,15,25,46,39,7,3,4,3,509690
177,89,106,85,110,97.50,-2,18,19,22,22,27,57,43,5,12,9,11,377280
178,86,105,118,131,110.00,18,5,24,14,27,22,18,17,11,4,8,6,520783
179,116,100,114,114,111.00,15,19,18,4,33,33,5,11,2,10,4,5,339166
180,102,105,129,117,113.25,9,17,0,25,10,36,43,72,4,10,9,9,422658
181,97,115,105,108,106.25,3,3,21,10,53,26,88,18,-5,8,11,3,431901
182,112,104,132,115,115.75,22,22,4,14,73,26,25,13,10,10,-1,1,422133
183,126,122,101,111,115.00,24,6,20,1,54,17,30,46,10,3,11,3,382355
184,110,123,114,106,113.25,19,19,19,2,13,35,16,31,3,9,3,4,607640
185,121,109,123,125,119.50,21,2,16,15,44,37,30,19,8,7,12,6,402346
186,109,102,139,131,120.25,11,14,13,24,14,21,21,58,5,5,9,8,420539
187,110,123,115,120,117.00,23,14,20,12,32,14,70,15,8,9,13,7,405016
188,134,83,124,112,113.25,15,11,25,21,14,19,79,59,9,11,15,7,470885
189,109,97,120,122,112.00,26,16,9,3,36,13,26,29,11,3,4,7,499490
190,72,107,102,121,100.50,12,12,16,14,13,15,50,34,-2,6,7,8,408567
191,95,126,116,124,115.25,14,19,21,13,54,55,46,40,5,12,12,10,379233
192,118,114,100,89,105.25,17,21,13,15,46,37,27,33,8,11,9,8,498786
193,86,122,104,104,104.00,16,24,-3,5,14,49,14,50,-2,5,4,3,325108
194,117,121,109,99,111.50,8,24,5,19,14,19,13,47,2,4,6,3,460329
195,127,91,117,108,110.75,21,16,16,9,50,18,27,36,9,6,5,4,385051
196,125,120,108,130,120.75,12,1,16,24,18,16,44,58,7,1,4,6,541385
197,118,108,113,114,113.25,7,23,17,4,28,61,20,41,7,7,-1,3,499200
198,143,118,102,120,120.75,24,16,7,18,26,27,27,62,11,3,5,8,432861
199,110,114,121,101,111.50,3,7,25,-4,49,36,41,44,3,5,5,5,298571
200,110,115,118,117,115.00,11,8,23,23,39,17,37,43,2,5,10,3,397474
201,113,143,108,114,119.50,23,9,11,20,76,18,26,34,9,8,9,3,546608
202,138,115,107,90,112.50,22,12,17,1,24,10,39,22,5,5,5,5,616225
203,100,101,135,132,117.00,20,7,12,13,53,20,33,15,12,6,9,6,357315
204,116,102,96,113,106.75,16,5,16,17,13,39,20,20,7,2,8,-1,443044
205,112,117,121,111,115.25,22,8,19,7,37,33,41,28,3,5,11,6,381792
206,95,108,89,120,103.00,21,3,20,10,28,18,18,31,10,8,6,8,560839
207,93,106,113,115,106.75,21,8,21,9,24,36,44,39,6,10,8,5,434775
208,134,126,147,66,118.25,23,10,18,11,24,17,57,28,12,3,8,4,482206
209,121,88,143,106,114.50,17,15,6,15,20,13,32,42,2,2,3,7,501165
210,115,108,107,128,114.50,25,19,0,2,39,57,46,13,8,6,3,1,443287
211,126,110,123,113,118.00,17,21,15,7,8,40,8,34,8,8,3,2,351102
212,107,81,123,119,107.50,20,13,13,21,36,10,17,62,6,-4,8,11,394722
213,109,120,90,111,107.50,16,18,-2,19,53,33,39,49,6,2,1,6,455353
214,94,91,103,106,98.50,9,21,4,8,22,60,44,19,4,13,6,11,400135
215,104,128,115,97,111.00,16,19,13,13,42,13,63,20,8,7,1,8,482590
216,119,119,132,107,119.25,22,12,25,3,44,37,37,28,11,6,10,4,551097
217,90,98,104,117,102.25,12,24,6,7,46,35,46,23,3,6,2,5,442914
218,90,126,126,115,114.25,21,10,22,14,23,17,48,21,7,4,10,6,636651
219,132,105,108,121,116.50,7,8,15,24,51,38,50,28,10,2,1,7,539668
220,138,121,87,116,115.50,19,13,13,16,22,40,7,33,5,7,0,6,565568
221,120,131,85,136,118.00,13,21,16,20,34,33,34,26,6,11,9,10,709060
222,138,132,112,109,122.75,11,14,21,20,19,27,48,43,9,6,0,10,654730
223,88,98,123,96,101.25,1,18,26,-4,43,30,93,39,0,3,14,1,416317
224,81,124,151,128,121.00,20,22,6,10,41,24,22,42,2,11,3,5,642254
225,144,78,142,99,115.75,10,21,6,21,15,20,12,28,6,9,0,7,495624
226,83,129,104,153,117.25,13,21,16,12,14,50,37,21,7,7,7,4,613127
227,125,77,127,108,109.25,4,18,12,22,40,54,56,34,4,4,6,9,483280
228,99,128,116,147,122.50,18,23,8,23,33,37,15,42,5,12,5,9,446640
229,106,120,124,110,115.00,14,21,14,12,18,27,43,33,5,6,11,12,651453
230,125,101,97,160,120.75,17,20,18,8,7,32,23,43,7,4,1,4,536932
231,130,111,112,93,111.50,19,23,-6,15,41,85,44,48,4,9,7,-3,415614
232,131,108,145,107,122.75,25,3,26,12,31,45,14,42,10,4,6,10,647766
233,123,102,103,133,115.25,7,21,8,22,20,55,46,15,10,7,4,13,630413
234,114,131,104,96,111.25,9,26,-1,7,46,24,33,30,5,10,6,6,304648
235,100,128,123,114,116.25,6,11,20,23,27,33,27,27,3,8,1,9,523737
236,99,122,110,111,110.50,8,18,15,22,58,40,39,46,4,9,9,6,572161
237,95,117,128,105,111.25,-2,22,26,8,46,22,64,28,1,2,13,6,468065
238,143,87,102,116,112.00,22,5,16,19,50,54,14,29,8,4,3,8,502358
239,108,99,157,99,115.75,20,1,21,9,41,42,43,39,5,4,8,6,706957
240,116,120,134,113,120.75,19,8,6,23,9,40,35,53,5,5,7,5,476730
241,125,115,139,119,124.50,26,21,11,12,37,15,15,15,8,9,6,4,410681
242,98,131,118,145,123.00,2,20,21,22,13,18,59,46,6,9,8,11,415224
243,104,88,94,95,95.25,3,13,7,20,27,45,44,47,1,1,7,8,401139
244,97,131,116,121,116.25,14,17,7,23,41,16,22,59,4,9,4,11,403155
245,110,142,89,82,105.75,5,24,14,15,39,60,50,15,-2,15,5,8,595393
246,106,116,120,145,121.75,3,-1,25,21,21,30,75,27,5,3,12,8,435067
247,118,112,127,149,126.50,24,21,9,26,46,60,44,40,12,9,6,14,559624
248,150,127,139,100,129.00,8,16,19,24,15,8,18,59,5,11,7,11,529306
249,107,109,133,131,120.00,21,15,24,9,52,14,6,29,7,2,7,4,599444
250,101,105,101,108,103.75,20,1,13,11,13,42,36,40,7,6,2,3,412296
251,120,142,105,85,113.00,4,11,24,20,18,43,30,66,7,11,12,7,572157
252,81,120,101,111,103.25,22,3,15,15,23,59,22,34,3,3,-1,11,392837
253,121,115,104,130,117.50,17,8,21,14,30,47,40,27,-1,1,4,8,687538
254,129,98,128,122,119.25,14,16,19,14,14,56,31,29,4,3,7,5,555488
255,127,111,107,118,115.75,12,4,18,22,46,16,46,70,10,3,10,6,522651
256,103,108,119,117,111.75,6,14,21,20,17,43,30,23,8,2,8,3,539255
257,119,110,115,125,117.25,15,19,9,10,23,46,26,29,6,8,10,9,328514
258,124,97,119,111,112.75,12,7,3,25,12,31,40,55,2,0,3,14,567100
259,114,106,136,143,124.75,22,22,9,21,23,23,19,29,11,2,8,6,448612
260,114,114,130,91,112.25,23,10,12,17,79,30,33,25,8,8,7,-3,584576
261,108,100,125,106,109.75,24,12,6,15,30,29,16,15,7,7,6,8,589362
262,120,94,115,113,110.50,10,11,21,24,15,37,36,73,7,7,9,9,508418
263,118,104,97,121,110.00,10,23,12,24,33,29,13,49,5,4,11,6,405466
264,108,149,124,127,127.00,26,8,21,10,59,45,41,13,7,8,11,7,592040
265,97,128,122,78,106.25,20,3,22,-6,73,24,43,16,5,3,9,3,436401
266,126,118,130,152,131.50,27,5,5,20,45,37,29,63,11,2,5,10,425615
267,119,100,90,120,107.25,24,13,6,8,38,33,38,21,11,4,3,5,540190
268,126,124,114,138,125.50,15,28,16,20,34,47,11,14,10,10,6,8,503439
269,137,94,137,108,119.00,16,21,12,11,22,16,10,47,9,11,9,8,531165
270,99,109,117,128,113.25,4,12,19,2,32,35,63,37,3,6,4,4,452688
271,100,132,86,113,107.75,21,8,19,5,21,25,60,23,10,8,12,2,408770
272,86,124,127,93,107.50,16,20,12,12,45,44,17,41,5,5,5,-1,514169
273,107,117,120,139,120.75,19,22,4,23,18,47,13,27,8,5,3,7,506960
274,94,116,106,93,102.25,6,16,17,21,29,30,8,46,6,7,6,6,489960
275,88,116,119,121,111.00,8,20,10,23,24,28,37,38,6,7,10,10,422339
276,125,88,110,115,109.50,12,8,17,14,13,19,24,15,5,3,1,3,351322
277,108,138,111,113,117.50,17,14,15,16,42,18,30,44,4,9,7,4,418873
278,69,120,117,118,106.00,18,12,17,3,28,15,33,18,4,10,2,4,485477
279,104,112,136,97,112.25,16,13,16,23,29,11,21,25,1,3,8,6,485419
280,121,112,102,114,112.25,2,21,21,25,16,51,25,18,5,7,14,9,475757
281,102,109,108,118,109.25,9,2,19,19,48,28,23,35,8,-2,7,6,486587
282,82,126,134,136,119.50,18,12,6,19,48,14,48,35,5,7,5,4,498724
283,109,109,111,142,117.75,13,19,22,-1,30,36,14,22,5,6,3,7,630042
284,130,135,102,120,121.75,10,14,16,17,46,25,47,67,6,8,-2,10,445377
285,112,91,126,89,104.50,6,13,19,23,28,15,51,32,3,0,10,10,456904
286,117,139,130,114,125.00,23,12,12,17,45,17,29,35,4,9,5,6,477924
287,104,143,137,140,131.00,18,13,21,15,22,25,21,23,2,11,6,10,594197
288,117,116,121,108,115.50,10,-5,23,23,17,33,49,43,2,2,12,3,622959
289,106,115,78,128,106.75,22,21,3,21,26,60,30,23,7,11,2,8,374877
290,97,109,103,96,101.25,4,17,4,23,19,37,20,39,6,8,0,7,259145
291,108,117,116,100,110.25,17,9,23,15,22,15,33,39,8,3,7,5,574493
292,126,131,119,108,121.00,18,5,14,23,44,27,44,26,8,6,8,11,508794
293,123,114,131,110,119.50,17,9,14,24,37,28,15,60,6,8,10,8,493781
294,117,87,123,113,110.00,27,-3,21,13,20,4,17,21,10,2,0,5,453859
295,101,104,113,125,110.75,12,-3,22,24,16,25,25,22,5,6,7,3,521667
296,74,142,128,115,114.75,10,25,3,19,17,26,14,20,-4,8,6,4,490669
297,103,145,102,122,118.00,26,20,-1,20,26,32,14,31,8,7,5,10,454408
298,129,108,106,130,118.25,22,22,6,-1,51,20,19,26,11,9,2,3,420623
299,109,99,127,82,104.25,15,22,14,12,16,14,28,32,4,9,4,2,378228
300,129,127,107,93,114.00,10,20,20,18,14,19,16,22,9,4,8,6,685755
301,134,80,98,136,112.00,14,-3,23,21,19,25,25,31,2,-1,5,11,464758
302,157,100,93,108,114.50,16,12,18,13,47,37,32,14,7,4,8,8,488484
303,106,112,112,81,102.75,25,19,5,1,37,22,37,16,7,14,3,-1,383006
304,104,143,89,96,108.00,17,23,-3,14,50,41,39,26,7,12,3,5,411410
305,107,92,115,104,104.50,9,20,23,11,33,24,54,16,7,8,12,3,442609
306,124,142,110,131,126.75,18,18,19,11,29,29,17,37,8,11,6,11,374158
307,108,136,101,97,110.50,-1,25,8,22,51,40,44,17,8,11,8,5,279669
308,78,97,110,121,101.50,-5,17,12,7,39,42,16,32,5,8,6,8,346813
309,127,125,112,86,112.50,14,12,17,21,16,47,9,60,7,6,8,6,357232
310,96,155,98,122,117.75,20,21,15,14,22,41,47,29,8,7,7,6,471201
311,143,89,120,121,118.25,9,15,3,23,33,31,25,40,7,2,-1,4,500570
312,119,116,118,119,118.00,14,19,11,11,19,56,19,37,7,5,3,3,378358
313,89,118,117,119,110.75,-4,15,11,27,40,34,21,10,2,5,5,11,388781
314,124,108,101,109,110.50,11,14,19,14,27,13,16,40,7,3,8,10,477911
315,122,107,114,123,116.50,20,8,11,18,83,13,29,45,8,3,3,10,676047
316,95,116,132,135,119.50,23,12,9,25,51,45,39,53,12,10,10,9,481754
317,123,140,100,90,113.25,21,10,-2,23,30,49,26,55,10,9,5,8,693679
318,111,111,117,118,114.25,9,1,24,5,48,30,72,29,9,2,14,3,365157
319,98,115,121,122,114.00,19,20,-2,9,24,59,34,43,5,5,1,8,514179
320,105,110,105,114,108.50,0,23,5,22,42,37,29,61,3,10,-1,11,549395
321,124,117,111,102,113.50,12,25,2,20,29,35,17,25,8,12,3,7,457187
322,104,139,93,118,113.50,19,17,23,10,33,12,31,16,8,5,9,9,523942
323,114,110,95,103,105.50,11,16,12,15,34,31,37,55,8,5,5,9,400179
324,126,82,97,106,102.75,2,16,19,-1,18,30,75,22,4,-1,8,1,799922
325,99,116,123,94,108.00,23,3,13,21,60,17,33,41,11,-1,8,11,491797
326,97,105,108,97,101.75,11,20,11,8,45,35,36,20,5,5,4,3,606452
327,114,108,126,110,114.50,12,15,23,-5,18,39,40,43,7,1,9,5,591505
328,90,129,141,115,118.75,22,15,12,20,43,32,30,58,10,8,9,11,399746
329,102,130,132,100,116.00,22,9,16,-2,46,17,14,16,12,9,7,5,411407
330,118,97,122,114,112.75,2,6,17,24,45,26,41,43,1,5,3,6,646501
331,105,123,103,110,110.25,13,15,19,15,24,15,25,35,6,7,7,2,482031
332,96,99,103,92,97.50,-3,23,16,11,48,32,61,17,0,5,10,4,348137
333,80,136,97,104,104.25,5,24,-2,10,6,30,29,46,2,11,6,6,313885
334,100,117,135,113,116.25,22,13,18,8,27,45,42,29,3,7,8,9,513335
335,119,131,110,127,121.75,15,25,20,12,45,38,17,60,8,11,5,7,515318
336,134,120,120,84,114.50,9,24,7,5,46,40,35,23,12,6,7,9,424306
337,121,142,110,118,122.75,17,23,6,21,16,40,27,20,7,9,6,10,560076
338,131,127,125,84,116.75,19,11,20,18,31,13,21,37,5,7,3,8,478833
339,106,93,108,111,104.50,2,1,21,21,27,29,64,26,7,-4,5,7,452931
340,107,102,107,108,106.00,4,12,-7,23,28,21,41,15,7,7,-3,8,362008
341,102,118,95,156,117.75,-2,15,17,14,45,57,15,11,3,5,3,9,433128
342,117,111,123,113,116.00,16,10,4,23,31,15,40,71,2,8,10,6,354018
343,97,125,114,131,116.75,23,20,8,15,19,27,46,22,8,2,13,12,502845
344,108,93,81,137,104.75,20,18,16,7,19,30,34,27,12,7,6,7,434242
345,123,112,150,112,124.25,17,18,24,14,36,29,29,25,11,9,9,5,457013
346,112,120,97,100,107.25,7,12,23,22,20,37,63,22,2,6,11,6,603008
347,117,115,76,103,102.75,16,5,17,26,36,21,41,49,8,10,-1,12,460757
348,120,123,103,121,116.75,18,13,20,18,47,39,34,30,8,4,10,9,489878
349,96,131,116,116,114.75,13,20,8,10,70,64,57,16,5,10,6,7,471824
350,123,112,122,120,119.25,7,21,26,18,29,13,39,17,9,6,8,11,444599
351,112,133,84,89,104.50,15,11,2,19,50,43,28,32,3,11,-1,-4,418626
352,114,116,128,124,120.50,19,18,2,27,27,38,15,46,6,6,5,8,525338
353,91,90,113,131,106.25,14,10,10,6,51,38,37,39,10,1,2,10,382900
354,94,125,130,102,112.75,14,24,11,14,42,28,43,31,5,9,9,4,481193
355,97,98,99,139,108.25,20,-7,23,13,17,5,21,16,6,0,10,8,388202
356,130,99,124,113,116.50,22,24,13,12,48,46,15,21,10,8,5,10,393900
357,96,112,103,129,110.00,5,25,17,11,27,56,29,28,3,11,5,6,364736
358,114,99,99,146,114.50,18,16,23,1,11,50,14,47,4,9,3,0,336216
359,128,128,107,101,116.00,11,24,14,21,28,34,13,31,10,10,5,8,392885
360,98,121,128,121,117.00,7,18,4,23,41,38,39,52,4,7,2,7,280944
361,95,116,121,122,113.50,-3,23,7,22,40,48,39,48,4,11,0,7,359832
362,108,134,114,101,114.25,12,17,21,15,25,38,28,45,10,4,7,8,425519
363,106,97,120,118,110.25,8,19,21,10,34,46,45,31,-1,8,11,7,509960
364,91,105,122,118,109.00,4,21,7,19,41,46,36,12,4,7,4,8,247025
365,109,122,118,108,114.25,21,3,23,13,32,34,50,38,8,5,14,8,359669
366,111,107,118,127,115.75,2,14,22,19,41,54,24,36,9,1,7,3,370842
367,113,128,111,116,117.00,24,22,14,0,41,12,45,35,12,6,2,2,693594
368,99,80,123,62,91.00,-3,15,19,3,47,16,21,4,1,0,3,-1,338509
369,112,110,116,120,114.50,14,17,22,11,32,21,24,15,8,5,5,4,464304
370,131,129,121,129,127.50,21,21,18,7,47,31,36,22,8,10,8,7,403186
371,108,107,99,103,104.25,20,-2,6,21,40,21,34,55,10,3,1,8,499729
372,132,128,127,115,125.50,17,5,13,24,37,56,21,73,7,6,7,11,486655
373,111,111,117,116,113.75,2,23,23,12,35,58,37,13,4,14,2,3,362062
374,111,95,117,106,107.25,11,18,0,16,47,14,14,33,11,5,1,13,372900
375,92,119,119,133,115.75,23,6,19,17,59,50,20,24,6,7,8,9,308356
376,100,139,118,94,112.75,12,13,11,24,29,32,18,37,0,6,5,8,532681
377,122,123,117,96,114.50,15,20,11,11,27,30,25,22,6,8,3,4,541601
378,146,123,114,123,126.50,12,12,23,22,16,38,51,38,8,9,8,5,597548
379,112,99,101,139,112.75,22,16,22,5,31,13,57,45,5,11,9,8,723653
380,100,78,85,110,93.25,5,-9,1,20,18,1,44,20,3,-1,-5,9,322415
381,133,128,112,83,114.00,14,11,17,19,26,29,29,29,10,7,0,-1,562239
382,80,119,71,129,99.75,20,8,18,15,17,47,12,29,4,8,4,3,526685
383,109,101,99,100,102.25,6,20,11,13,18,43,36,44,6,7,10,-5,628275
384,60,96,102,113,92.75,4,13,16,11,33,22,22,10,-4,7,2,5,374290
385,113,135,109,134,122.75,9,22,20,14,18,79,26,16,8,5,5,8,520146
386,121,136,124,101,120.50,18,23,16,10,58,30,18,33,9,11,10,2,437446
387,95,109,106,115,106.25,21,2,15,17,30,44,28,53,9,0,11,2,413545
388,132,87,106,107,108.00,12,19,21,12,22,47,45,41,10,5,-1,7,659887
389,120,100,136,93,112.25,23,10,14,18,44,31,29,23,7,7,10,11,504465
390,109,108,108,125,112.50,25,6,13,12,51,26,56,54,10,4,11,6,485543
391,117,92,108,150,116.75,21,5,18,17,50,41,38,23,5,4,8,9,635889
392,92,111,96,125,106.00,11,10,5,14,55,46,33,69,0,12,6,3,425529
393,100,91,107,93,97.75,-2,1,23,19,37,23,112,20,8,3,7,11,377097
394,90,109,139,117,113.75,12,20,19,15,35,22,11,13,8,7,7,9,414685
395,124,115,104,115,114.50,23,3,12,24,66,39,17,53,10,5,6,8,502866
396,122,98,123,136,119.75,10,21,11,21,38,44,19,36,4,7,5,10,513125
397,104,115,121,103,110.75,2,25,11,15,37,56,43,30,0,13,7,2,528066
398,111,117,95,76,99.75,6,9,18,12,26,40,49,26,3,3,5,-3,397251
399,147,126,106,141,130.00,16,23,21,18,19,13,61,14,6,11,3,6,413691
400,141,113,114,114,120.50,9,24,12,7,27,49,39,38,7,6,1,4,529110
401,108,114,95,81,99.50,22,1,17,14,65,21,43,14,13,2,6,5,494744
402,152,126,88,108,118.50,21,17,4,20,62,19,36,61,8,9,7,7,407663
403,90,117,99,136,110.50,20,16,22,5,25,46,32,27,4,9,6,6,472802
404,109,118,106,108,110.25,8,24,10,15,32,62,18,15,4,7,4,10,443279
405,106,123,103,127,114.75,24,8,2,21,37,31,12,12,8,7,5,9,432080
406,131,88,126,91,109.00,9,10,24,8,46,43,74,35,12,5,11,8,394280
407,107,143,111,98,114.75,2,13,22,5,12,20,54,15,1,10,9,4,481920
408,94,142,144,118,124.50,18,16,5,12,29,31,29,13,7,7,5,5,483889
409,122,123,122,95,115.50,19,8,19,-1,51,21,31,45,7,5,2,4,515759
410,118,107,132,121,119.50,25,18,13,-4,81,25,41,41,7,5,10,0,505915
411,90,112,133,105,110.00,12,4,16,22,25,19,65,69,8,7,12,10,726876
412,104,112,135,108,114.75,19,19,11,11,23,19,28,43,6,5,11,7,423773
413,134,124,140,117,128.75,10,21,22,11,18,32,24,46,6,6,7,10,538833
414,127,102,103,119,112.75,21,15,11,15,28,23,15,40,8,3,4,-4,575749
415,102,134,116,113,116.25,17,21,24,3,29,17,60,46,8,12,9,11,593581
416,87,109,118,137,112.75,1,24,23,-3,19,27,52,35,6,6,7,-2,730178
417,92,113,125,115,111.25,6,22,23,-2,42,11,49,30,5,8,3,1,401004
418,123,122,103,115,115.75,18,14,14,6,15,38,12,45,10,6,1,7,613463
419,130,97,121,114,115.50,6,5,8,24,31,45,34,66,5,5,8,12,479196
420,126,144,107,114,122.75,23,14,12,16,13,19,15,43,5,5,8,3,521161
421,98,104,120,115,109.25,3,23,11,17,14,86,17,46,3,5,5,9,404398
422,115,123,128,104,117.50,10,5,25,25,11,11,36,29,0,5,10,10,560160
423,109,107,122,125,115.75,10,13,19,19,41,26,47,20,7,0,5,8,393005
424,119,112,124,115,117.50,21,-2,21,13,37,37,58,31,0,4,14,9,343773
425,116,107,94,89,101.50,21,0,1,20,26,24,30,37,2,3,5,6,406174
426,127,95,99,107,107.00,23,3,4,25,49,19,51,33,6,8,-2,8,441862
427,124,148,94,92,114.50,24,10,2,17,49,25,24,40,12,10,3,6,361895
428,128,107,84,120,109.75,11,20,20,16,12,30,55,30,5,8,6,10,398852
429,116,105,131,104,114.00,15,3,26,14,9,32,59,31,7,1,10,5,436241
430,109,121,143,88,115.25,21,7,15,22,13,14,18,8,6,3,0,2,482493
431,111,133,133,110,121.75,15,19,9,24,55,25,34,49,7,12,12,8,613521
432,98,98,115,125,109.00,18,16,23,10,20,19,57,23,5,4,8,5,412833
433,104,112,143,123,120.50,23,19,17,16,28,27,23,18,10,1,12,5,402314
434,122,101,143,120,121.50,21,16,17,15,26,21,49,17,7,3,8,-1,426267
435,114,136,104,123,119.25,17,12,20,9,40,35,17,42,5,6,6,-2,396682
436,106,97,102,101,101.50,16,16,16,18,56,37,13,19,7,9,4,11,701553
437,137,112,120,118,121.75,13,20,20,16,27,27,14,54,6,10,5,9,581036
438,120,112,129,114,118.75,24,25,8,13,47,29,17,16,8,8,5,10,562191
439,104,84,112,125,106.25,20,0,17,14,36,30,19,28,6,1,1,10,577739
440,103,105,120,109,109.25,13,18,23,17,18,18,48,41,6,10,13,3,493194
441,119,122,117,137,123.75,22,8,11,24,37,46,32,57,10,8,6,12,692045
442,103,110,109,126,112.00,2,23,11,16,46,82,15,29,0,10,5,4,467374
443,125,114,113,78,107.50,19,21,12,7,43,41,34,39,0,12,8,1,546438
444,111,107,118,133,117.25,12,24,4,-1,9,12,32,41,4,6,5,-2,474082
445,75,79,116,103,93.25,4,13,21,12,37,41,32,35,3,2,13,7,597498
446,109,93,130,113,111.25,21,16,5,16,21,27,34,47,2,3,8,2,429293
447,95,84,110,149,109.50,13,20,17,14,15,29,26,35,2,9,3,5,468684
448,121,134,96,130,120.25,6,26,12,13,18,47,37,27,2,11,1,5,544162
449,133,79,105,118,108.75,18,21,16,0,18,17,32,32,6,7,3,8,506559
450,135,108,78,99,105.00,8,20,5,23,32,45,27,73,9,6,2,8,335938
451,106,103,119,130,114.50,18,13,19,22,25,27,28,46,5,9,9,11,564829
452,125,110,113,131,119.75,26,5,20,13,47,47,55,19,11,5,8,11,447921
453,122,119,128,79,112.00,8,24,6,15,42,23,30,28,10,11,1,5,490163
454,110,106,84,107,101.75,13,13,21,16,37,20,65,43,9,3,7,9,432377
455,104,108,124,101,109.25,2,23,12,23,20,50,42,20,4,8,7,7,478907
456,135,125,130,106,124.00,17,19,8,19,16,17,22,54,7,3,9,6,585204
457,117,141,99,93,112.50,13,6,24,17,49,40,56,52,7,9,4,7,524454
458,142,117,135,90,121.00,13,24,2,23,30,42,22,51,11,2,7,8,310139
459,133,108,120,121,120.50,14,21,2,27,31,47,20,47,10,7,6,12,425577
460,101,89,121,116,106.75,5,20,-1,0,46,30,27,28,3,4,8,4,263015
461,123,120,81,99,105.75,23,3,12,16,49,39,47,47,11,3,9,2,392263
462,152,119,102,88,115.25,23,1,6,13,44,19,36,17,11,6,7,5,411784
463,128,69,141,128,116.50,26,-1,23,15,40,40,20,15,7,-2,13,5,503283
464,127,130,97,126,120.00,24,8,6,24,50,37,15,53,7,11,2,12,559664
465,103,110,93,151,114.25,21,20,11,0,22,49,30,36,4,10,8,3,526298
466,77,89,111,145,105.50,14,23,8,15,25,53,31,53,3,3,1,12,550602
467,104,103,133,99,109.75,16,18,17,14,46,27,45,21,7,6,8,6,632101
468,109,117,122,98,111.50,22,12,17,7,23,17,22,22,3,3,5,5,328569
469,126,133,107,134,125.00,15,11,20,24,44,15,45,45,9,10,7,8,452054
470,123,114,108,103,112.00,25,14,-1,23,12,41,38,57,8,11,-5,7,490690
471,114,109,116,95,108.50,28,4,11,2,58,36,37,19,9,6,5,3,478849
472,123,133,95,124,118.75,23,1,18,21,52,31,28,50,8,5,8,11,621883
473,85,105,139,109,109.50,21,2,21,8,13,13,27,39,5,1,7,5,487869
474,146,125,79,115,116.25,1,17,23,21,40,25,44,18,4,8,5,13,596557
475,146,98,124,120,122.00,5,11,23,23,33,29,30,83,4,0,6,13,395394
476,102,86,141,138,116.75,19,11,18,19,33,33,20,26,5,3,6,11,537210
477,106,126,107,115,113.50,17,15,8,21,19,16,43,28,5,4,6,6,396618
478,108,115,111,135,117.25,19,7,14,17,48,45,41,19,5,10,4,11,481375
479,111,116,118,91,109.00,19,16,19,7,25,59,56,39,10,6,8,3,604976
480,113,106,99,128,111.50,14,21,22,2,10,34,38,42,5,0,9,4,497171
481,133,103,131,117,121.00,9,16,23,4,43,53,48,24,5,3,8,2,519029
482,96,127,108,130,115.25,12,9,17,23,30,39,41,32,5,10,9,9,401621
483,127,78,102,151,114.50,23,3,21,12,41,15,13,30,12,4,1,12,415605
484,107,106,104,118,108.75,1,14,21,22,29,37,48,58,5,9,12,6,419970
485,87,119,102,111,104.75,0,23,6,25,30,66,59,66,1,13,8,8,346520
486,97,111,126,115,112.25,-2,22,19,21,18,14,28,38,7,6,4,5,496157
487,74,121,91,96,95.50,12,2,-5,8,58,52,48,28,6,5,1,4,275905
488,134,101,130,127,123.00,11,13,23,22,36,43,6,82,11,12,8,12,474436
489,93,107,106,110,104.00,19,-3,9,22,49,47,36,29,6,5,9,-3,468196
490,136,128,86,104,113.50,19,23,14,11,31,20,40,26,10,12,5,8,409250
491,112,127,89,98,106.50,24,4,14,15,67,36,12,40,8,7,7,0,583977
492,104,100,101,96,100.25,8,13,7,22,27,26,37,45,8,4,7,6,409895
493,108,149,106,137,125.00,15,11,22,9,29,35,21,45,9,8,11,8,441047
494,121,117,122,115,118.75,12,27,8,17,42,110,36,26,11,13,6,5,533283
495,124,103,127,127,120.25,7,21,21,3,20,51,22,43,4,5,9,3,532975
496,130,117,133,88,117.00,12,17,19,16,14,61,30,23,7,3,6,3,866759
497,129,84,109,111,108.25,13,16,25,15,42,37,38,24,8,2,11,7,451046
498,120,123,90,121,113.50,19,4,16,20,21,30,8,39,12,6,3,1,494066
499,110,96,120,132,114.50,18,10,17,24,28,33,38,30,4,4,6,13,352518
